{
  "ed_rows": 17449,
  "ed_unique": 17449,
  "icu_link_rate": 0.6625594589947849,
  "pct_any_gas_0_6h": 0.41532466043899363,
  "pct_any_gas_0_24h": 0.9639520889449252,
  "source_unknown_rate": 1.0
}