source_branch,source,n,median,p95,max,pct_ge_50
LAB,arterial,14196,43.0,74.0,188.0,0.269512538743308
LAB,other,899,49.0,76.0,140.0,0.492769744160178
LAB,venous,8002,51.0,84.0,233.0,0.5931017245688578
