source,count_nonnull,mean,median,q25,q75,p95,max,pct_ge_80,pct_ge_100,pct_ge_150,pct_eq_160,top_values,status,missing_columns
LAB_BG_UNKNOWN,2499,49.946378551420565,48.0,41.0,56.0,76.0,140.0,0.03561424569827931,0.006002400960384154,0.0,0.0,"{'50.0': 119, '41.0': 95, '44.0': 94, '40.0': 91, '43.0': 90, '48.0': 88, '51.0': 88, '42.0': 84, '52.0': 84, '47.0': 77}",ok,
