reason_code,n_all,n_dropped_old_only,pct_dropped_old_only
CAPTURED_CURRENT,10201,2672,0.26626806178375684
OTHER_UNRESOLVED,9063,2809,0.27992027902341804
THRESHOLD_LOGIC_DIFFERENCE,3357,731,0.07284504235176881
HAS_PCO2_ONLY_UNKNOWN_SOURCE,2877,2760,0.2750373692077728
NO_PCO2_CANDIDATE,1932,1040,0.10363726955655207
POC_ONLY_MISSED,24,20,0.001993024414549078
RANGE_FILTER_DROP,5,3,0.00029895366218236175
