source_branch,source,n,median,p95,max,pct_ge_50
LAB,arterial,14428,43.0,73.0,188.0,0.2651788189631272
LAB,unknown,912,49.0,76.0,140.0,0.4857456140350877
LAB,venous,8122,51.0,84.0,233.0,0.584338832799803
POC,arterial,6934,45.0,78.0,181.0,0.3417940582636285
POC,venous,5375,51.0,83.0,189.0,0.5761860465116279
