source,count_nonnull,mean,median,q25,q75,p95,max,pct_ge_80,pct_ge_100,pct_ge_150,pct_eq_160,top_values,status,missing_columns
LAB_BG_UNKNOWN,2520,49.842460317460315,48.0,41.0,56.0,76.0,140.0,0.03531746031746032,0.005952380952380952,0.0,0.0,"{'50.0': 119, '44.0': 95, '41.0': 95, '40.0': 93, '43.0': 91, '48.0': 89, '51.0': 88, '42.0': 85, '52.0': 84, '47.0': 78}",ok,
